{
    "images": [
        {
            "height": 1200,
            "width": 1600,
            "id": 1,
            "file_name": "/content/Mask_RCNN/samples/DieSegmentationData/Train/30.jpg"
        },
        {
            "height": 1200,
            "width": 1600,
            "id": 2,
            "file_name": "/content/Mask_RCNN/samples/DieSegmentationData/Train/2.jpg"
        },
        {
            "height": 1200,
            "width": 1600,
            "id": 3,
            "file_name": "/content/Mask_RCNN/samples/DieSegmentationData/Train/16.jpg"
        },
        {
            "height": 1200,
            "width": 1600,
            "id": 4,
            "file_name": "/content/Mask_RCNN/samples/DieSegmentationData/Train/3.jpg"
        },
        {
            "height": 1200,
            "width": 1600,
            "id": 5,
            "file_name": "/content/Mask_RCNN/samples/DieSegmentationData/Train/32.jpg"
        },
        {
            "height": 1200,
            "width": 1600,
            "id": 6,
            "file_name": "/content/Mask_RCNN/samples/DieSegmentationData/Train/38.jpg"
        },
        {
            "height": 1200,
            "width": 1600,
            "id": 7,
            "file_name": "/content/Mask_RCNN/samples/DieSegmentationData/Train/7.jpg"
        },
        {
            "height": 1200,
            "width": 1600,
            "id": 8,
            "file_name": "/content/Mask_RCNN/samples/DieSegmentationData/Train/27.jpg"
        },
        {
            "height": 1200,
            "width": 1600,
            "id": 9,
            "file_name": "/content/Mask_RCNN/samples/DieSegmentationData/Train/40.jpg"
        },
        {
            "height": 1200,
            "width": 1600,
            "id": 10,
            "file_name": "/content/Mask_RCNN/samples/DieSegmentationData/Train/24.jpg"
        },
        {
            "height": 1200,
            "width": 1600,
            "id": 11,
            "file_name": "/content/Mask_RCNN/samples/DieSegmentationData/Train/8.jpg"
        },
        {
            "height": 1200,
            "width": 1600,
            "id": 12,
            "file_name": "/content/Mask_RCNN/samples/DieSegmentationData/Train/39.jpg"
        },
        {
            "height": 1200,
            "width": 1600,
            "id": 13,
            "file_name": "/content/Mask_RCNN/samples/DieSegmentationData/Train/1.jpg"
        },
        {
            "height": 1200,
            "width": 1600,
            "id": 14,
            "file_name": "/content/Mask_RCNN/samples/DieSegmentationData/Train/14.jpg"
        },
        {
            "height": 1200,
            "width": 1600,
            "id": 15,
            "file_name": "/content/Mask_RCNN/samples/DieSegmentationData/Train/23.jpg"
        },
        {
            "height": 1200,
            "width": 1600,
            "id": 16,
            "file_name": "/content/Mask_RCNN/samples/DieSegmentationData/Train/35.jpg"
        },
        {
            "height": 1200,
            "width": 1600,
            "id": 17,
            "file_name": "/content/Mask_RCNN/samples/DieSegmentationData/Train/4.jpg"
        },
        {
            "height": 1200,
            "width": 1600,
            "id": 18,
            "file_name": "/content/Mask_RCNN/samples/DieSegmentationData/Train/6.jpg"
        },
        {
            "height": 1200,
            "width": 1600,
            "id": 19,
            "file_name": "/content/Mask_RCNN/samples/DieSegmentationData/Train/13.jpg"
        },
        {
            "height": 1200,
            "width": 1600,
            "id": 20,
            "file_name": "/content/Mask_RCNN/samples/DieSegmentationData/Train/11.jpg"
        },
        {
            "height": 1200,
            "width": 1600,
            "id": 21,
            "file_name": "/content/Mask_RCNN/samples/DieSegmentationData/Train/37.jpg"
        },
        {
            "height": 1200,
            "width": 1600,
            "id": 22,
            "file_name": "/content/Mask_RCNN/samples/DieSegmentationData/Train/31.jpg"
        },
        {
            "height": 1200,
            "width": 1600,
            "id": 23,
            "file_name": "/content/Mask_RCNN/samples/DieSegmentationData/Train/9.jpg"
        },
        {
            "height": 1200,
            "width": 1600,
            "id": 24,
            "file_name": "/content/Mask_RCNN/samples/DieSegmentationData/Train/33.jpg"
        },
        {
            "height": 1200,
            "width": 1600,
            "id": 25,
            "file_name": "/content/Mask_RCNN/samples/DieSegmentationData/Train/5.jpg"
        },
        {
            "height": 1200,
            "width": 1600,
            "id": 26,
            "file_name": "/content/Mask_RCNN/samples/DieSegmentationData/Train/15.jpg"
        },
        {
            "height": 1200,
            "width": 1600,
            "id": 27,
            "file_name": "/content/Mask_RCNN/samples/DieSegmentationData/Train/19.jpg"
        },
        {
            "height": 1200,
            "width": 1600,
            "id": 28,
            "file_name": "/content/Mask_RCNN/samples/DieSegmentationData/Train/26.jpg"
        },
        {
            "height": 1200,
            "width": 1600,
            "id": 29,
            "file_name": "/content/Mask_RCNN/samples/DieSegmentationData/Train/18.jpg"
        },
        {
            "height": 1200,
            "width": 1600,
            "id": 30,
            "file_name": "/content/Mask_RCNN/samples/DieSegmentationData/Train/12.jpg"
        },
        {
            "height": 1200,
            "width": 1600,
            "id": 31,
            "file_name": "/content/Mask_RCNN/samples/DieSegmentationData/Train/21.jpg"
        },
        {
            "height": 1200,
            "width": 1600,
            "id": 32,
            "file_name": "/content/Mask_RCNN/samples/DieSegmentationData/Train/22.jpg"
        },
        {
            "height": 1200,
            "width": 1600,
            "id": 33,
            "file_name": "/content/Mask_RCNN/samples/DieSegmentationData/Train/36.jpg"
        },
        {
            "height": 1200,
            "width": 1600,
            "id": 34,
            "file_name": "/content/Mask_RCNN/samples/DieSegmentationData/Train/29.jpg"
        },
        {
            "height": 1200,
            "width": 1600,
            "id": 35,
            "file_name": "/content/Mask_RCNN/samples/DieSegmentationData/Train/10.jpg"
        },
        {
            "height": 1200,
            "width": 1600,
            "id": 36,
            "file_name": "/content/Mask_RCNN/samples/DieSegmentationData/Train/25.jpg"
        },
        {
            "height": 1200,
            "width": 1600,
            "id": 37,
            "file_name": "/content/Mask_RCNN/samples/DieSegmentationData/Train/17.jpg"
        },
        {
            "height": 1200,
            "width": 1600,
            "id": 38,
            "file_name": "/content/Mask_RCNN/samples/DieSegmentationData/Train/28.jpg"
        },
        {
            "height": 1200,
            "width": 1600,
            "id": 39,
            "file_name": "/content/Mask_RCNN/samples/DieSegmentationData/Train/20.jpg"
        },
        {
            "height": 1200,
            "width": 1600,
            "id": 40,
            "file_name": "/content/Mask_RCNN/samples/DieSegmentationData/Train/34.jpg"
        }
    ],
    "categories": [
        {
            "supercategory": "Die",
            "id": 1,
            "name": "Die"
        }
    ],
    "annotations": [
        {
            "iscrowd": 0,
            "image_id": 1,
            "bbox": [
                587.0,
                284.0,
                353.0,
                365.0
            ],
            "segmentation": [
                [
                    587.4848484848485,
                    285.5454545454545,
                    590.5151515151515,
                    649.1818181818181,
                    940.5151515151515,
                    647.6666666666666,
                    935.9696969696969,
                    284.030303030303
                ]
            ],
            "category_id": 1,
            "id": 1,
            "area": 1920000
        },
        {
            "iscrowd": 0,
            "image_id": 2,
            "bbox": [
                648.0,
                546.0,
                359.0,
                363.0
            ],
            "segmentation": [
                [
                    648.090909090909,
                    547.6666666666666,
                    654.1515151515151,
                    909.7878787878788,
                    1007.1818181818181,
                    908.2727272727273,
                    999.6060606060605,
                    546.1515151515151
                ]
            ],
            "category_id": 1,
            "id": 2,
            "area": 1920000
        },
        {
            "iscrowd": 0,
            "image_id": 3,
            "bbox": [
                779.0,
                564.0,
                360.0,
                371.0
            ],
            "segmentation": [
                [
                    779.9090909090909,
                    571.9090909090909,
                    787.4848484848485,
                    935.5454545454545,
                    1139.0,
                    929.4848484848484,
                    1129.9090909090908,
                    564.3333333333333
                ]
            ],
            "category_id": 1,
            "id": 3,
            "area": 1920000
        },
        {
            "iscrowd": 0,
            "image_id": 4,
            "bbox": [
                660.0,
                552.0,
                353.0,
                363.0
            ],
            "segmentation": [
                [
                    660.2121212121211,
                    552.2121212121211,
                    661.7272727272727,
                    915.8484848484848,
                    1013.2424242424242,
                    914.3333333333333,
                    1010.2121212121211,
                    552.2121212121211
                ]
            ],
            "category_id": 1,
            "id": 4,
            "area": 1920000
        },
        {
            "iscrowd": 0,
            "image_id": 5,
            "bbox": [
                467.0,
                232.0,
                358.0,
                371.0
            ],
            "segmentation": [
                [
                    467.78787878787875,
                    240.09090909090907,
                    475.3636363636363,
                    603.7272727272727,
                    825.3636363636364,
                    599.1818181818181,
                    819.3030303030303,
                    232.5151515151515
                ]
            ],
            "category_id": 1,
            "id": 5,
            "area": 1920000
        },
        {
            "iscrowd": 0,
            "image_id": 6,
            "bbox": [
                604.0,
                288.0,
                357.0,
                365.0
            ],
            "segmentation": [
                [
                    604.1515151515151,
                    288.57575757575756,
                    610.2121212121211,
                    653.7272727272727,
                    961.7272727272726,
                    652.2121212121211,
                    955.6666666666666,
                    290.09090909090907
                ]
            ],
            "category_id": 1,
            "id": 6,
            "area": 1920000
        },
        {
            "iscrowd": 0,
            "image_id": 7,
            "bbox": [
                779.0,
                562.0,
                361.0,
                370.0
            ],
            "segmentation": [
                [
                    779.9090909090909,
                    570.3939393939394,
                    785.9696969696969,
                    932.5151515151515,
                    1140.5151515151515,
                    926.4545454545454,
                    1131.4242424242423,
                    562.8181818181818
                ]
            ],
            "category_id": 1,
            "id": 7,
            "area": 1920000
        },
        {
            "iscrowd": 0,
            "image_id": 8,
            "bbox": [
                472.0,
                234.0,
                357.0,
                366.0
            ],
            "segmentation": [
                [
                    472.3333333333333,
                    240.09090909090907,
                    478.3939393939394,
                    600.6969696969696,
                    829.9090909090909,
                    597.6666666666666,
                    822.3333333333333,
                    234.03030303030303
                ]
            ],
            "category_id": 1,
            "id": 8,
            "area": 1920000
        },
        {
            "iscrowd": 0,
            "image_id": 9,
            "bbox": [
                466.0,
                249.0,
                354.0,
                365.0
            ],
            "segmentation": [
                [
                    466.27272727272725,
                    250.6969696969697,
                    472.3333333333333,
                    614.3333333333333,
                    820.8181818181818,
                    611.3030303030303,
                    817.7878787878788,
                    249.1818181818182
                ]
            ],
            "category_id": 1,
            "id": 9,
            "area": 1920000
        },
        {
            "iscrowd": 0,
            "image_id": 10,
            "bbox": [
                651.0,
                547.0,
                354.0,
                362.0
            ],
            "segmentation": [
                [
                    651.1212121212121,
                    549.1818181818181,
                    658.6969696969696,
                    909.7878787878788,
                    1005.6666666666666,
                    908.2727272727273,
                    1004.1515151515151,
                    547.6666666666666
                ]
            ],
            "category_id": 1,
            "id": 10,
            "area": 1920000
        },
        {
            "iscrowd": 0,
            "image_id": 11,
            "bbox": [
                770.0,
                590.0,
                358.0,
                366.0
            ],
            "segmentation": [
                [
                    770.8181818181818,
                    593.1212121212121,
                    775.3636363636364,
                    956.7575757575758,
                    1128.3939393939393,
                    950.6969696969696,
                    1125.3636363636363,
                    590.090909090909
                ]
            ],
            "category_id": 1,
            "id": 11,
            "area": 1920000
        },
        {
            "iscrowd": 0,
            "image_id": 12,
            "bbox": [
                464.0,
                238.0,
                355.0,
                364.0
            ],
            "segmentation": [
                [
                    464.75757575757575,
                    240.09090909090907,
                    472.3333333333333,
                    602.2121212121211,
                    819.3030303030303,
                    599.1818181818181,
                    814.7575757575758,
                    238.57575757575756
                ]
            ],
            "category_id": 1,
            "id": 12,
            "area": 1920000
        },
        {
            "iscrowd": 0,
            "image_id": 13,
            "bbox": [
                652.0,
                550.0,
                361.0,
                365.0
            ],
            "segmentation": [
                [
                    652.6363636363636,
                    552.2121212121211,
                    658.6969696969696,
                    915.8484848484848,
                    1013.2424242424242,
                    912.8181818181818,
                    1005.6666666666666,
                    550.6969696969696
                ]
            ],
            "category_id": 1,
            "id": 13,
            "area": 1920000
        },
        {
            "iscrowd": 0,
            "image_id": 14,
            "bbox": [
                779.0,
                582.0,
                360.0,
                370.0
            ],
            "segmentation": [
                [
                    779.9090909090909,
                    587.060606060606,
                    787.4848484848485,
                    952.2121212121211,
                    1139.0,
                    950.6969696969696,
                    1129.9090909090908,
                    582.5151515151515
                ]
            ],
            "category_id": 1,
            "id": 14,
            "area": 1920000
        },
        {
            "iscrowd": 0,
            "image_id": 15,
            "bbox": [
                639.0,
                549.0,
                357.0,
                365.0
            ],
            "segmentation": [
                [
                    639.0,
                    553.7272727272727,
                    645.060606060606,
                    914.3333333333333,
                    996.5757575757575,
                    911.3030303030303,
                    993.5454545454545,
                    549.1818181818181
                ]
            ],
            "category_id": 1,
            "id": 15,
            "area": 1920000
        },
        {
            "iscrowd": 0,
            "image_id": 16,
            "bbox": [
                470.0,
                241.0,
                359.0,
                368.0
            ],
            "segmentation": [
                [
                    470.8181818181818,
                    244.63636363636363,
                    478.3939393939394,
                    609.7878787878788,
                    829.9090909090909,
                    603.7272727272727,
                    823.8484848484848,
                    241.60606060606057
                ]
            ],
            "category_id": 1,
            "id": 16,
            "area": 1920000
        },
        {
            "iscrowd": 0,
            "image_id": 17,
            "bbox": [
                778.0,
                585.0,
                359.0,
                368.0
            ],
            "segmentation": [
                [
                    778.3939393939394,
                    590.090909090909,
                    784.4545454545454,
                    953.7272727272726,
                    1137.4848484848485,
                    949.1818181818181,
                    1132.939393939394,
                    585.5454545454545
                ]
            ],
            "category_id": 1,
            "id": 17,
            "area": 1920000
        },
        {
            "iscrowd": 0,
            "image_id": 18,
            "bbox": [
                773.0,
                587.0,
                359.0,
                371.0
            ],
            "segmentation": [
                [
                    773.8484848484848,
                    591.6060606060606,
                    782.9393939393939,
                    958.2727272727273,
                    1132.939393939394,
                    950.6969696969696,
                    1123.8484848484848,
                    587.060606060606
                ]
            ],
            "category_id": 1,
            "id": 18,
            "area": 1920000
        },
        {
            "iscrowd": 0,
            "image_id": 19,
            "bbox": [
                778.0,
                584.0,
                354.0,
                366.0
            ],
            "segmentation": [
                [
                    778.3939393939394,
                    588.5757575757575,
                    781.4242424242424,
                    950.6969696969696,
                    1132.939393939394,
                    950.6969696969696,
                    1131.4242424242423,
                    584.030303030303
                ]
            ],
            "category_id": 1,
            "id": 19,
            "area": 1920000
        },
        {
            "iscrowd": 0,
            "image_id": 20,
            "bbox": [
                637.0,
                544.0,
                358.0,
                367.0
            ],
            "segmentation": [
                [
                    637.4848484848485,
                    547.6666666666666,
                    642.030303030303,
                    911.3030303030303,
                    995.060606060606,
                    906.7575757575758,
                    989.0,
                    544.6363636363636
                ]
            ],
            "category_id": 1,
            "id": 20,
            "area": 1920000
        },
        {
            "iscrowd": 0,
            "image_id": 21,
            "bbox": [
                596.0,
                291.0,
                359.0,
                367.0
            ],
            "segmentation": [
                [
                    596.5757575757575,
                    296.1515151515151,
                    604.1515151515151,
                    658.2727272727273,
                    955.6666666666666,
                    655.2424242424242,
                    951.1212121212121,
                    291.60606060606057
                ]
            ],
            "category_id": 1,
            "id": 21,
            "area": 1920000
        },
        {
            "iscrowd": 0,
            "image_id": 22,
            "bbox": [
                463.0,
                247.0,
                357.0,
                364.0
            ],
            "segmentation": [
                [
                    463.2424242424242,
                    250.6969696969697,
                    469.30303030303025,
                    611.3030303030303,
                    820.8181818181818,
                    608.2727272727273,
                    816.2727272727273,
                    247.66666666666663
                ]
            ],
            "category_id": 1,
            "id": 22,
            "area": 1920000
        },
        {
            "iscrowd": 0,
            "image_id": 23,
            "bbox": [
                776.0,
                587.0,
                356.0,
                366.0
            ],
            "segmentation": [
                [
                    776.8787878787879,
                    591.6060606060606,
                    781.4242424242424,
                    953.7272727272726,
                    1132.939393939394,
                    953.7272727272726,
                    1128.3939393939393,
                    587.060606060606
                ]
            ],
            "category_id": 1,
            "id": 23,
            "area": 1920000
        },
        {
            "iscrowd": 0,
            "image_id": 24,
            "bbox": [
                466.0,
                240.0,
                360.0,
                372.0
            ],
            "segmentation": [
                [
                    466.27272727272725,
                    246.15151515151513,
                    475.3636363636363,
                    612.8181818181818,
                    826.8787878787879,
                    603.7272727272727,
                    817.7878787878788,
                    240.09090909090907
                ]
            ],
            "category_id": 1,
            "id": 24,
            "area": 1920000
        },
        {
            "iscrowd": 0,
            "image_id": 25,
            "bbox": [
                775.0,
                597.0,
                356.0,
                370.0
            ],
            "segmentation": [
                [
                    775.3636363636364,
                    599.1818181818181,
                    779.9090909090909,
                    967.3636363636364,
                    1131.4242424242423,
                    961.3030303030303,
                    1125.3636363636363,
                    597.6666666666666
                ]
            ],
            "category_id": 1,
            "id": 25,
            "area": 1920000
        },
        {
            "iscrowd": 0,
            "image_id": 26,
            "bbox": [
                776.0,
                565.0,
                359.0,
                369.0
            ],
            "segmentation": [
                [
                    776.8787878787879,
                    570.3939393939394,
                    784.4545454545454,
                    934.030303030303,
                    1135.969696969697,
                    929.4848484848484,
                    1129.9090909090908,
                    565.8484848484849
                ]
            ],
            "category_id": 1,
            "id": 26,
            "area": 1920000
        },
        {
            "iscrowd": 0,
            "image_id": 27,
            "bbox": [
                778.0,
                558.0,
                356.0,
                365.0
            ],
            "segmentation": [
                [
                    778.3939393939394,
                    561.3030303030303,
                    784.4545454545454,
                    923.4242424242424,
                    1134.4545454545455,
                    923.4242424242424,
                    1132.939393939394,
                    558.2727272727273
                ]
            ],
            "category_id": 1,
            "id": 27,
            "area": 1920000
        },
        {
            "iscrowd": 0,
            "image_id": 28,
            "bbox": [
                467.0,
                244.0,
                356.0,
                365.0
            ],
            "segmentation": [
                [
                    467.78787878787875,
                    247.66666666666663,
                    473.8484848484848,
                    609.7878787878788,
                    823.8484848484848,
                    606.7575757575758,
                    819.3030303030303,
                    244.63636363636363
                ]
            ],
            "category_id": 1,
            "id": 28,
            "area": 1920000
        },
        {
            "iscrowd": 0,
            "image_id": 29,
            "bbox": [
                643.0,
                546.0,
                358.0,
                372.0
            ],
            "segmentation": [
                [
                    643.5454545454545,
                    553.7272727272727,
                    651.1212121212121,
                    918.8787878787879,
                    1001.1212121212121,
                    909.7878787878788,
                    996.5757575757575,
                    546.1515151515151
                ]
            ],
            "category_id": 1,
            "id": 29,
            "area": 1920000
        },
        {
            "iscrowd": 0,
            "image_id": 30,
            "bbox": [
                778.0,
                594.0,
                356.0,
                367.0
            ],
            "segmentation": [
                [
                    778.3939393939394,
                    596.1515151515151,
                    782.9393939393939,
                    961.3030303030303,
                    1134.4545454545455,
                    959.7878787878788,
                    1131.4242424242423,
                    594.6363636363636
                ]
            ],
            "category_id": 1,
            "id": 30,
            "area": 1920000
        },
        {
            "iscrowd": 0,
            "image_id": 31,
            "bbox": [
                770.0,
                599.0,
                358.0,
                368.0
            ],
            "segmentation": [
                [
                    770.8181818181818,
                    600.6969696969696,
                    778.3939393939394,
                    967.3636363636364,
                    1128.3939393939393,
                    961.3030303030303,
                    1123.8484848484848,
                    599.1818181818181
                ]
            ],
            "category_id": 1,
            "id": 31,
            "area": 1920000
        },
        {
            "iscrowd": 0,
            "image_id": 32,
            "bbox": [
                775.0,
                577.0,
                357.0,
                367.0
            ],
            "segmentation": [
                [
                    775.3636363636364,
                    577.969696969697,
                    782.9393939393939,
                    944.6363636363636,
                    1132.939393939394,
                    940.090909090909,
                    1126.8787878787878,
                    579.4848484848485
                ]
            ],
            "category_id": 1,
            "id": 32,
            "area": 1920000
        },
        {
            "iscrowd": 0,
            "image_id": 33,
            "bbox": [
                467.0,
                246.0,
                358.0,
                366.0
            ],
            "segmentation": [
                [
                    467.78787878787875,
                    246.15151515151513,
                    473.8484848484848,
                    612.8181818181818,
                    825.3636363636364,
                    609.7878787878788,
                    822.3333333333333,
                    246.15151515151513
                ]
            ],
            "category_id": 1,
            "id": 33,
            "area": 1920000
        },
        {
            "iscrowd": 0,
            "image_id": 34,
            "bbox": [
                596.0,
                287.0,
                355.0,
                368.0
            ],
            "segmentation": [
                [
                    596.5757575757575,
                    291.60606060606057,
                    601.1212121212121,
                    655.2424242424242,
                    951.1212121212121,
                    652.2121212121211,
                    948.090909090909,
                    287.06060606060606
                ]
            ],
            "category_id": 1,
            "id": 34,
            "area": 1920000
        },
        {
            "iscrowd": 0,
            "image_id": 35,
            "bbox": [
                643.0,
                543.0,
                358.0,
                366.0
            ],
            "segmentation": [
                [
                    643.5454545454545,
                    546.1515151515151,
                    649.6060606060606,
                    909.7878787878788,
                    1001.1212121212121,
                    899.1818181818181,
                    993.5454545454545,
                    543.1212121212121
                ]
            ],
            "category_id": 1,
            "id": 35,
            "area": 1920000
        },
        {
            "iscrowd": 0,
            "image_id": 36,
            "bbox": [
                773.0,
                588.0,
                359.0,
                367.0
            ],
            "segmentation": [
                [
                    773.8484848484848,
                    594.6363636363636,
                    779.9090909090909,
                    955.2424242424242,
                    1132.939393939394,
                    949.1818181818181,
                    1125.3636363636363,
                    588.5757575757575
                ]
            ],
            "category_id": 1,
            "id": 36,
            "area": 1920000
        },
        {
            "iscrowd": 0,
            "image_id": 37,
            "bbox": [
                645.0,
                547.0,
                362.0,
                371.0
            ],
            "segmentation": [
                [
                    645.060606060606,
                    556.7575757575758,
                    654.1515151515151,
                    918.8787878787879,
                    1007.1818181818181,
                    914.3333333333333,
                    995.060606060606,
                    547.6666666666666
                ]
            ],
            "category_id": 1,
            "id": 37,
            "area": 1920000
        },
        {
            "iscrowd": 0,
            "image_id": 38,
            "bbox": [
                589.0,
                281.0,
                357.0,
                369.0
            ],
            "segmentation": [
                [
                    589.0,
                    284.030303030303,
                    596.5757575757575,
                    650.6969696969696,
                    946.5757575757575,
                    647.6666666666666,
                    942.030303030303,
                    281.0
                ]
            ],
            "category_id": 1,
            "id": 38,
            "area": 1920000
        },
        {
            "iscrowd": 0,
            "image_id": 39,
            "bbox": [
                657.0,
                549.0,
                359.0,
                366.0
            ],
            "segmentation": [
                [
                    657.1818181818181,
                    550.6969696969696,
                    666.2727272727273,
                    915.8484848484848,
                    1016.2727272727273,
                    911.3030303030303,
                    1007.1818181818181,
                    549.1818181818181
                ]
            ],
            "category_id": 1,
            "id": 39,
            "area": 1920000
        },
        {
            "iscrowd": 0,
            "image_id": 40,
            "bbox": [
                458.0,
                265.0,
                361.0,
                370.0
            ],
            "segmentation": [
                [
                    458.6969696969697,
                    270.3939393939394,
                    467.78787878787875,
                    635.5454545454545,
                    819.3030303030303,
                    631.0,
                    811.7272727272726,
                    265.8484848484848
                ]
            ],
            "category_id": 1,
            "id": 40,
            "area": 1920000
        }
    ]
}